respondent_id,age,gender,region,education,income,work_hours,stress_score,job_satisfaction,q1,q2,q3,q4,q5
R0001,59,Female,East,Bachelor,,48.2,34.0,2,2,3.0,1,1.0,1
R0002,41,Female,East,Secondary,15440.0,39.0,26.2,4,3,,4,5.0,2
R0003,44,Male,South,PhD,,39.2,27.3,2,2,2.0,1,,3
R0004,55,Male,North,Master,30140.0,35.0,24.7,4,4,3.0,4,5.0,4
R0005,51,Male,Center,Bachelor,16160.0,29.5,39.0,4,3,5.0,4,3.0,4
R0006,48,Female,West,Bachelor,16100.0,38.0,35.4,4,5,4.0,4,4.0,2
R0007,35,Male,South,Bachelor,28770.0,47.0,36.4,3,4,3.0,4,3.0,4
R0008,27,Female,North,Master,,57.5,49.9,3,4,3.0,3,3.0,3
R0009,45,Male,West,Bachelor,36580.0,43.0,39.7,2,2,1.0,2,2.0,2
R0010,33,Female,South,Primary,15870.0,31.1,29.4,3,2,4.0,3,3.0,3
R0011,51,Male,South,Secondary,22240.0,43.4,39.1,2,2,3.0,2,2.0,2
R0012,43,Female,East,Bachelor,14450.0,43.2,32.7,4,4,4.0,4,4.0,2
R0013,30,Female,South,Bachelor,16710.0,-99.0,,4,5,4.0,4,4.0,4
R0014,43,Male,East,Secondary,9450.0,33.6,28.9,4,5,5.0,3,4.0,5
R0015,49,Male,Center,Secondary,22980.0,43.3,38.3,4,4,3.0,4,2.0,3
R0016,42,Male,North,Master,24350.0,41.3,45.2,3,3,2.0,3,4.0,4
R0017,30,Male,Center,Master,,52.4,31.0,5,5,,4,5.0,5
R0018,43,Female,West,Bachelor,17500.0,39.7,22.2,4,5,5.0,4,5.0,4
R0019,45,Male,South,Secondary,20200.0,44.0,26.6,3,2,3.0,3,2.0,3
R0020,51,Male,Center,Bachelor,19680.0,47.0,32.4,5,5,,5,5.0,5
R0021,49,Male,West,Master,,55.6,45.3,2,2,2.0,2,3.0,1
R0022,28,Female,North,Master,14640.0,44.1,49.8,4,4,4.0,3,3.0,4
R0023,34,Female,Center,Bachelor,20080.0,41.0,43.8,2,2,1.0,2,1.0,3
R0024,48,Female,Center,Master,23350.0,38.8,22.0,4,4,5.0,5,3.0,5
R0025,18,Male,West,Secondary,6480.0,30.3,26.1,5,5,4.0,5,5.0,4
R0026,50,Male,West,Bachelor,16860.0,45.8,40.8,3,3,3.0,3,2.0,3
R0027,29,Male,South,Primary,20780.0,44.7,36.8,4,4,4.0,4,4.0,4
R0028,35,Female,North,Master,,53.2,43.9,3,4,3.0,3,4.0,3
R0029,59,Male,West,Secondary,20210.0,45.3,30.0,4,5,5.0,3,4.0,4
R0030,39,Female,West,Secondary,29450.0,61.1,52.4,3,4,4.0,3,4.0,5
R0031,36,Female,North,Master,28330.0,57.2,38.1,5,5,5.0,5,4.0,4
R0032,44,Female,East,Bachelor,,49.3,36.6,3,5,3.0,4,3.0,4
R0033,39,Female,East,Secondary,17420.0,46.1,,4,2,4.0,2,3.0,5
R0034,32,Female,West,Master,17630.0,51.8,48.2,3,3,3.0,2,5.0,4
R0035,43,Male,East,Master,25060.0,38.3,28.8,4,5,4.0,4,3.0,4
R0036,68,Female,West,Bachelor,45390.0,46.3,36.3,3,1,4.0,5,3.0,2
R0037,52,Female,East,Bachelor,21570.0,41.8,40.4,5,5,5.0,5,5.0,4
R0038,46,Female,West,Secondary,7310.0,41.1,34.7,3,4,4.0,3,3.0,5
R0039,43,Male,North,Secondary,20450.0,41.9,24.1,4,3,4.0,3,3.0,5
R0040,50,Male,Center,Bachelor,,46.4,43.9,4,4,5.0,4,4.0,4
R0041,48,Male,North,Secondary,7630.0,36.6,34.3,2,2,2.0,2,2.0,1
R0042,29,Male,North,Secondary,14120.0,35.9,,3,4,3.0,4,2.0,2
R0043,47,Female,West,Master,,40.3,29.6,4,5,4.0,4,5.0,4
R0044,41,Female,East,Secondary,17200.0,49.2,40.8,3,3,3.0,3,3.0,2
R0045,62,Female,South,Primary,21510.0,37.6,43.8,4,4,5.0,4,4.0,5
R0046,37,Female,East,Primary,12640.0,33.7,16.5,3,4,3.0,2,3.0,2
R0047,56,Female,North,Secondary,21110.0,49.6,40.6,2,4,,2,4.0,2
R0048,25,Female,South,Bachelor,,46.1,39.0,5,3,5.0,5,4.0,4
R0049,44,Male,Center,Bachelor,14460.0,45.0,49.8,3,4,5.0,3,4.0,3
R0050,31,Female,West,Bachelor,19280.0,45.1,47.1,3,2,2.0,3,4.0,3
R0051,29,Female,South,Bachelor,,32.2,25.4,3,3,4.0,2,1.0,1
R0052,50,Male,East,Bachelor,18610.0,38.6,31.2,3,3,3.0,2,3.0,3
R0053,27,Female,Center,Secondary,11120.0,-99.0,28.7,4,5,5.0,3,5.0,5
R0054,38,Female,Center,Bachelor,20290.0,37.2,26.2,4,3,,3,5.0,3
R0055,31,Male,South,Primary,7990.0,41.6,26.8,5,4,4.0,5,5.0,5
R0056,45,Female,West,Secondary,14070.0,60.2,39.0,3,1,3.0,4,2.0,4
R0057,44,Male,East,Primary,11020.0,49.1,43.2,4,4,5.0,4,4.0,5
R0058,18,Male,North,Master,,56.6,36.7,4,3,4.0,5,5.0,4
R0059,49,Female,Center,Secondary,22200.0,33.8,36.4,5,5,4.0,5,5.0,5
R0060,32,Male,North,Bachelor,,51.6,26.9,3,3,3.0,2,3.0,3
R0061,66,Female,South,Secondary,41510.0,42.3,24.1,4,5,2.0,5,3.0,5
R0062,51,Male,North,Bachelor,14000.0,36.9,38.5,3,5,4.0,5,3.0,2
R0063,52,Female,West,Master,32280.0,41.6,38.3,4,4,4.0,5,3.0,4
R0064,18,Female,North,PhD,,53.3,47.1,5,4,5.0,4,5.0,4
R0065,63,Male,North,Secondary,,64.3,40.6,3,2,3.0,3,3.0,4
R0066,41,Male,South,Master,21720.0,46.0,37.0,3,3,3.0,4,3.0,3
R0067,23,Female,East,Bachelor,15210.0,43.3,54.9,4,5,4.0,5,4.0,4
R0068,44,Male,South,Bachelor,24210.0,51.6,53.7,4,4,4.0,5,5.0,4
R0069,57,Male,North,Master,,41.5,37.8,3,3,5.0,3,3.0,1
R0070,20,Male,North,Master,17770.0,53.0,47.7,4,5,5.0,5,4.0,3
R0071,54,Female,North,Bachelor,,52.1,34.6,5,5,4.0,5,5.0,4
R0072,36,Male,North,Bachelor,30560.0,54.9,36.8,3,3,2.0,3,,4
R0073,33,Female,South,Bachelor,24660.0,45.1,33.2,3,4,2.0,5,1.0,3
R0074,35,Female,North,Bachelor,10630.0,41.6,25.2,4,5,5.0,4,4.0,5
R0075,30,Female,North,PhD,27890.0,38.1,,4,3,5.0,5,4.0,3
R0076,43,Male,South,Bachelor,20320.0,57.7,30.1,5,5,5.0,5,4.0,4
R0077,43,Female,East,Secondary,11840.0,25.4,,4,4,4.0,3,3.0,5
R0078,54,Female,Center,Primary,19540.0,42.5,22.9,5,5,5.0,4,5.0,5
R0079,58,Male,East,Bachelor,16870.0,46.5,34.9,4,2,4.0,3,3.0,5
R0080,36,Female,West,Bachelor,26600.0,43.2,38.9,3,3,4.0,2,4.0,2
R0081,54,Prefer not to say,West,Bachelor,33460.0,52.9,33.1,4,5,4.0,5,4.0,3
R0082,26,Male,North,Bachelor,,60.6,42.2,2,2,3.0,3,3.0,1
R0083,48,Female,South,PhD,,49.1,39.3,3,3,2.0,3,4.0,3
R0084,26,Female,South,Secondary,9890.0,48.6,,5,5,3.0,5,4.0,4
R0085,33,Female,South,Bachelor,34740.0,50.7,34.3,3,3,4.0,5,2.0,3
R0086,48,Female,North,Bachelor,24680.0,43.9,35.9,4,5,5.0,5,5.0,4
R0087,31,Female,East,PhD,25790.0,49.9,41.4,4,2,5.0,5,3.0,3
R0088,46,Male,East,Secondary,17330.0,44.2,34.4,5,5,5.0,5,5.0,5
R0089,22,Male,South,Master,36850.0,42.0,,5,5,4.0,4,5.0,5
R0090,31,Female,Center,Bachelor,19690.0,49.7,37.7,3,4,5.0,3,3.0,3
R0091,47,Female,East,Bachelor,,50.4,41.2,3,2,3.0,2,5.0,3
R0092,59,Male,East,Bachelor,,43.4,41.4,3,1,3.0,4,,4
R0093,26,Male,Center,Bachelor,,53.4,40.3,4,3,4.0,3,4.0,5
R0094,60,Female,Center,Bachelor,,34.6,35.1,4,5,4.0,3,5.0,5
R0095,43,Female,North,Bachelor,,35.6,39.6,3,3,2.0,3,2.0,4
R0096,69,Male,North,Bachelor,33840.0,55.8,29.4,4,4,5.0,4,4.0,5
R0097,36,Male,East,Secondary,12130.0,34.5,37.6,3,5,2.0,3,,2
R0098,34,Male,South,Secondary,12610.0,50.1,35.8,5,5,5.0,5,5.0,4
R0099,44,Female,North,Master,,39.3,41.3,2,3,1.0,3,2.0,3
R0100,26,Female,West,Bachelor,10560.0,48.7,45.9,4,4,5.0,5,5.0,4
R0101,42,Female,West,Secondary,,44.4,,4,3,4.0,4,4.0,3
R0102,39,Male,East,Master,17630.0,44.9,31.0,3,3,3.0,2,2.0,4
R0103,57,Male,East,Secondary,,42.5,30.0,4,5,3.0,5,4.0,4
R0104,44,Female,North,Bachelor,,42.7,41.0,2,2,2.0,2,1.0,3
R0105,24,Male,East,Secondary,13800.0,30.5,34.5,3,3,2.0,4,4.0,2
R0106,24,Female,South,Bachelor,15720.0,48.9,46.8,2,2,2.0,2,2.0,1
R0107,28,Male,Center,Bachelor,13380.0,37.7,35.7,3,4,4.0,3,2.0,3
R0108,18,Male,North,Master,23660.0,55.9,40.9,2,3,,2,2.0,2
R0109,18,Male,South,Bachelor,18220.0,50.8,41.9,4,5,4.0,5,5.0,4
R0110,67,Male,West,Bachelor,,37.8,30.8,4,4,4.0,5,4.0,5
R0111,30,Female,South,Secondary,18480.0,50.1,47.6,3,3,3.0,3,3.0,3
R0112,56,Female,Center,Secondary,28280.0,41.7,38.7,4,3,5.0,4,5.0,3
R0113,31,Female,South,Master,25520.0,31.0,23.6,4,3,2.0,4,4.0,5
R0114,35,Female,West,Bachelor,34140.0,49.3,41.6,3,3,5.0,3,2.0,1
R0115,18,Male,Center,Bachelor,10300.0,41.3,,4,4,4.0,3,4.0,3
R0116,56,Female,North,Primary,19900.0,35.9,28.5,4,5,5.0,4,3.0,4
R0117,35,Male,East,Secondary,11880.0,45.0,37.0,4,3,4.0,5,4.0,4
R0118,61,Female,North,Bachelor,15120.0,50.9,32.0,5,5,5.0,5,5.0,4
R0119,31,Female,North,Primary,12750.0,39.5,38.6,4,5,3.0,3,4.0,3
R0120,56,Female,North,Secondary,14540.0,43.4,26.1,4,4,4.0,3,5.0,3
R0121,59,Female,West,PhD,48470.0,35.0,26.2,4,5,2.0,5,3.0,4
R0122,21,Male,South,Secondary,15550.0,41.2,37.9,3,3,,5,3.0,2
R0123,46,Female,South,Master,,42.7,39.9,4,2,4.0,4,3.0,5
R0124,27,Male,South,Secondary,11830.0,40.9,,5,5,5.0,5,5.0,5
R0125,25,Female,East,Bachelor,23310.0,50.6,,3,1,3.0,3,3.0,4
R0126,42,Male,South,Master,26770.0,50.1,,3,4,5.0,4,4.0,2
R0127,50,Female,Center,Master,42860.0,53.8,40.2,5,5,5.0,5,5.0,4
R0128,57,Female,East,Secondary,16340.0,35.1,36.3,2,2,3.0,1,1.0,2
R0129,36,Female,North,Primary,31500.0,32.5,37.5,5,5,5.0,5,4.0,3
R0130,53,Female,North,Primary,13130.0,45.0,35.5,4,5,4.0,4,5.0,3
R0131,47,Female,South,Bachelor,10560.0,39.0,34.4,2,3,3.0,3,3.0,1
R0132,40,Female,East,Secondary,18400.0,50.4,39.7,4,4,4.0,3,4.0,4
R0133,28,Male,East,Secondary,27940.0,33.2,32.3,3,3,2.0,2,2.0,3
R0134,41,Male,West,PhD,23610.0,50.3,42.9,4,3,3.0,5,4.0,3
R0135,75,Female,South,Bachelor,18710.0,45.7,38.6,3,1,2.0,3,2.0,1
R0136,28,Female,West,Secondary,7030.0,23.4,21.4,3,4,2.0,3,5.0,3
R0137,38,Male,North,Bachelor,13550.0,44.4,42.6,3,4,3.0,4,2.0,2
R0138,29,Female,North,Secondary,14360.0,50.3,34.3,5,5,5.0,5,4.0,5
R0139,58,Female,Center,Bachelor,24980.0,45.1,47.0,3,2,4.0,3,2.0,4
R0140,63,Male,South,Secondary,24680.0,44.1,35.1,4,3,5.0,5,2.0,4
R0141,57,Male,North,Bachelor,40450.0,46.1,,3,4,3.0,2,2.0,4
R0142,65,Male,North,Primary,13340.0,39.3,26.9,4,4,5.0,4,5.0,3
R0143,39,Female,North,Secondary,22760.0,43.3,32.9,4,3,4.0,4,4.0,5
R0144,61,Female,East,Master,29430.0,39.9,30.4,5,5,5.0,5,5.0,4
R0145,29,Female,East,Secondary,,46.8,,3,4,2.0,3,3.0,4
R0146,60,Female,South,Master,,46.7,37.1,4,5,3.0,4,3.0,5
R0147,59,Female,North,Secondary,24170.0,37.9,43.2,3,3,2.0,2,,2
R0148,32,Female,North,Bachelor,21890.0,38.7,36.8,3,4,3.0,2,3.0,4
R0149,52,Male,Center,Bachelor,18500.0,42.9,32.5,4,4,5.0,3,3.0,4
R0150,26,Female,South,Master,15630.0,46.0,32.4,3,2,3.0,3,2.0,4
R0151,22,Female,East,Bachelor,17390.0,35.2,30.8,4,4,5.0,4,5.0,4
R0152,22,Male,West,Bachelor,12260.0,39.8,38.0,3,3,5.0,3,3.0,3
R0153,26,Female,South,Master,37210.0,64.8,,4,3,4.0,3,3.0,4
R0154,25,Prefer not to say,South,Bachelor,11130.0,48.1,43.5,3,4,3.0,3,,3
R0155,38,Male,East,Master,,42.3,39.6,4,3,5.0,5,,4
R0156,62,Male,West,Bachelor,,39.3,25.0,5,5,5.0,4,5.0,4
R0157,37,Male,Center,Secondary,14170.0,35.2,33.3,3,3,3.0,2,4.0,4
R0158,29,Male,South,Bachelor,,41.6,34.1,4,3,5.0,4,5.0,4
R0159,49,Prefer not to say,East,Secondary,20450.0,42.7,37.3,3,2,,3,2.0,2
R0160,37,Female,East,Bachelor,28020.0,47.6,52.0,3,2,1.0,1,3.0,3
R0161,41,Female,West,Bachelor,22380.0,55.2,,5,5,5.0,5,5.0,4
R0162,45,Female,West,Secondary,20810.0,46.9,47.3,3,3,4.0,2,2.0,4
R0163,45,Male,South,Secondary,,27.3,25.8,5,5,5.0,4,5.0,3
R0164,31,Female,West,Secondary,,30.9,29.6,4,4,4.0,4,2.0,3
R0165,37,Female,South,Primary,,26.5,,3,2,3.0,4,5.0,4
R0166,52,Male,North,Secondary,8770.0,37.8,19.4,5,5,5.0,5,5.0,5
R0167,35,Female,South,Bachelor,32670.0,45.4,51.9,2,2,4.0,1,1.0,1
R0168,37,Female,West,Secondary,26130.0,42.5,38.1,3,4,2.0,3,2.0,3
R0169,44,Male,East,Bachelor,,28.9,18.0,5,5,5.0,5,5.0,5
R0170,45,Female,East,Master,16310.0,47.2,38.3,4,4,3.0,5,4.0,4
R0171,36,Male,North,Bachelor,,28.5,24.8,4,2,,4,4.0,5
R0172,47,Female,West,Secondary,,42.3,23.0,4,3,3.0,5,5.0,4
R0173,40,Male,East,Secondary,,46.3,40.6,3,3,5.0,1,1.0,2
R0174,23,Female,South,Secondary,23600.0,43.6,34.9,4,4,5.0,5,3.0,3
R0175,48,Female,West,Bachelor,18800.0,50.3,30.4,3,2,2.0,2,3.0,3
R0176,28,Female,South,Secondary,,36.5,46.2,4,4,3.0,4,4.0,5
R0177,75,Male,West,Primary,22010.0,36.0,24.5,3,4,2.0,2,3.0,2
R0178,44,Male,North,Master,25180.0,42.0,35.7,5,4,5.0,5,5.0,5
R0179,36,Female,Center,Bachelor,16040.0,42.9,44.2,4,2,4.0,5,3.0,5
R0180,51,Male,South,Secondary,20320.0,30.7,27.1,5,5,5.0,5,5.0,5
R0181,59,Female,West,Bachelor,16650.0,47.9,32.9,5,5,5.0,5,4.0,5
R0182,59,Female,South,PhD,,58.4,36.1,4,3,3.0,3,4.0,3
R0183,44,Female,South,Primary,21130.0,40.7,42.2,5,5,5.0,5,4.0,4
R0184,54,Male,South,Secondary,12250.0,35.7,31.9,3,2,3.0,3,2.0,4
R0185,49,Prefer not to say,North,Bachelor,,42.1,39.0,5,5,5.0,5,5.0,5
R0186,41,Female,North,Secondary,12370.0,33.8,23.3,5,4,5.0,3,5.0,4
R0187,20,Female,South,Secondary,7810.0,41.7,35.7,4,4,5.0,4,4.0,2
R0188,40,Male,North,Primary,,30.6,37.1,3,4,3.0,4,,2
R0189,18,Male,North,Bachelor,15620.0,42.1,,2,3,2.0,2,2.0,3
R0190,28,Male,West,Secondary,10720.0,39.7,,3,4,4.0,4,3.0,2
R0191,58,Male,East,Bachelor,29570.0,26.0,22.9,5,5,4.0,5,3.0,5
R0192,42,Female,South,Master,20560.0,57.4,40.5,2,1,1.0,2,3.0,1
R0193,39,Male,North,Primary,14780.0,52.1,46.3,2,2,2.0,2,2.0,2
R0194,29,Female,West,Bachelor,15370.0,41.8,29.7,3,4,3.0,4,2.0,2
R0195,29,Female,West,Secondary,17190.0,51.6,,4,5,3.0,3,3.0,3
R0196,31,Female,North,Master,32150.0,48.2,39.3,4,5,5.0,2,3.0,4
R0197,22,Male,North,Bachelor,10980.0,48.3,,5,5,5.0,5,5.0,5
R0198,18,Female,West,Master,20300.0,50.8,,3,2,3.0,3,3.0,3
R0199,53,Male,North,Secondary,17390.0,30.6,,5,3,5.0,5,5.0,5
R0200,61,Male,North,Primary,14620.0,43.4,42.3,3,3,4.0,3,,3
R0201,32,Male,North,Secondary,14960.0,42.0,36.3,3,2,5.0,4,4.0,2
R0202,50,Male,South,Secondary,,49.2,29.9,4,3,3.0,4,4.0,3
R0203,24,Male,West,Bachelor,,-99.0,52.2,5,4,5.0,5,5.0,5
R0204,44,Female,West,Master,23840.0,42.1,31.5,5,5,5.0,5,5.0,4
R0205,22,Male,East,Secondary,13090.0,28.8,,4,3,4.0,3,4.0,4
R0206,52,Male,North,Master,,43.1,31.5,4,5,3.0,3,4.0,3
R0207,41,Female,Center,Bachelor,26080.0,30.6,36.8,4,5,3.0,3,5.0,4
R0208,23,Prefer not to say,North,Bachelor,14210.0,49.3,,3,2,1.0,3,4.0,3
R0209,47,Male,Center,Master,23460.0,-99.0,32.7,4,4,4.0,5,5.0,4
R0210,61,Female,West,Bachelor,,52.9,38.5,4,5,,3,5.0,4
R0211,40,Male,North,Bachelor,18720.0,41.0,43.2,4,4,5.0,4,2.0,3
R0212,39,Female,West,Master,19820.0,58.8,38.0,4,4,5.0,4,,4
R0213,40,Female,North,Master,23360.0,30.9,44.7,3,2,3.0,2,4.0,1
R0214,41,Male,South,Master,18720.0,48.5,41.9,4,5,5.0,5,4.0,4
R0215,56,Female,East,Secondary,33820.0,37.0,,5,5,4.0,5,5.0,5
R0216,57,Male,West,Bachelor,,42.4,24.6,4,4,4.0,2,4.0,5
R0217,18,Male,South,Bachelor,12540.0,56.5,50.7,3,4,2.0,3,3.0,3
R0218,56,Male,West,Master,,41.0,26.2,4,5,4.0,5,3.0,4
R0219,37,Male,South,Secondary,14810.0,42.6,40.0,3,2,4.0,1,2.0,2
R0220,61,Female,Center,Bachelor,17230.0,44.0,29.0,4,5,5.0,3,5.0,3
R0221,46,Male,North,Master,25000.0,53.3,38.6,3,1,2.0,3,3.0,4
R0222,52,Male,North,Secondary,25290.0,38.1,27.7,4,3,2.0,3,4.0,5
R0223,33,Female,North,Primary,20920.0,35.8,35.4,3,2,4.0,3,5.0,3
R0224,22,Female,West,Secondary,,32.8,42.8,4,5,,3,4.0,3
R0225,43,Prefer not to say,Center,Master,24710.0,49.4,46.3,2,2,3.0,2,2.0,1
R0226,52,Male,South,Primary,21510.0,44.1,44.5,3,3,4.0,4,3.0,2
R0227,49,Female,West,PhD,,29.7,26.4,4,4,4.0,5,3.0,5
R0228,50,Female,West,Secondary,10820.0,37.6,23.1,4,3,5.0,4,5.0,3
R0229,43,Male,Center,Secondary,26750.0,44.5,31.0,3,2,2.0,3,4.0,2
R0230,49,Female,North,Master,18490.0,43.3,36.8,4,5,5.0,4,,4
R0231,29,Female,West,Bachelor,26880.0,42.4,,4,4,4.0,5,4.0,4
R0232,38,Male,North,Bachelor,,37.8,38.1,2,2,3.0,2,,2
R0233,20,Male,East,Bachelor,17480.0,50.6,,2,2,1.0,3,3.0,1
R0234,39,Male,West,Master,19180.0,67.3,58.0,3,4,2.0,2,1.0,3
R0235,36,Female,West,Bachelor,17960.0,38.8,35.8,4,4,4.0,4,3.0,4
R0236,40,Female,North,Master,37300.0,41.1,37.4,4,4,4.0,5,4.0,3
R0237,53,Male,East,Bachelor,17920.0,42.0,28.4,3,5,,3,5.0,1
R0238,41,Female,North,Secondary,9770.0,49.2,33.2,4,3,5.0,4,5.0,4
R0239,18,Male,North,Secondary,16510.0,52.1,46.8,3,3,2.0,4,3.0,3
R0240,58,Female,South,Master,29840.0,48.2,33.2,3,2,3.0,4,3.0,3
R0241,42,Male,North,Bachelor,17060.0,45.2,31.8,5,5,,5,5.0,5
R0242,50,Male,Center,Master,,53.7,41.6,2,2,1.0,3,3.0,2
R0243,29,Male,West,PhD,,43.0,23.3,5,3,5.0,5,,5
R0244,51,Female,South,Primary,16690.0,44.8,35.4,3,3,3.0,2,5.0,3
R0245,60,Male,Center,Secondary,19950.0,35.1,35.0,3,4,,4,2.0,1
R0246,19,Male,East,Secondary,10930.0,40.6,33.4,3,3,3.0,4,3.0,2
R0247,56,Female,North,Bachelor,,52.6,31.8,3,3,3.0,4,,3
R0248,28,Female,South,PhD,12260.0,43.0,43.4,2,1,2.0,1,1.0,1
R0249,30,Male,South,Secondary,9480.0,38.8,36.4,4,2,3.0,3,4.0,3
R0250,40,Female,West,Secondary,13440.0,33.0,35.9,3,4,2.0,4,3.0,3
R0251,67,Female,Center,Secondary,25900.0,29.7,20.5,5,3,5.0,5,,5
R0252,18,Female,East,Bachelor,8000.0,49.5,47.8,3,3,3.0,3,4.0,2
R0253,31,Male,East,Master,20050.0,40.7,30.3,3,4,3.0,2,3.0,3
R0254,40,Male,North,Primary,19080.0,43.7,37.1,3,4,4.0,2,,3
R0255,48,Prefer not to say,North,Primary,15570.0,37.7,35.7,4,5,3.0,4,4.0,3
R0256,38,Male,South,Master,,41.4,37.6,4,4,4.0,3,4.0,2
R0257,45,Female,North,Master,,54.6,60.0,3,3,2.0,2,4.0,2
R0258,26,Female,South,Bachelor,25340.0,37.7,36.2,5,5,5.0,5,2.0,5
R0259,50,Male,South,Master,,49.7,40.4,3,4,2.0,3,3.0,1
R0260,54,Female,East,Secondary,19280.0,32.0,35.2,4,4,5.0,3,5.0,4
R0261,25,Male,North,Master,17840.0,44.8,,4,4,4.0,3,5.0,3
R0262,29,Female,South,Secondary,10020.0,42.9,42.9,3,3,,2,3.0,4
R0263,45,Female,North,Bachelor,18670.0,52.0,37.7,4,4,5.0,4,4.0,4
R0264,44,Female,North,Bachelor,19580.0,43.4,35.8,3,2,3.0,3,3.0,5
R0265,47,Male,West,Primary,15570.0,40.6,35.7,3,3,5.0,5,4.0,3
R0266,24,Male,South,Secondary,21840.0,51.5,34.8,3,3,3.0,3,4.0,1
R0267,35,Female,North,Secondary,17720.0,39.0,38.3,4,3,,4,5.0,4
R0268,33,Male,South,Bachelor,20010.0,51.7,41.3,5,5,5.0,5,5.0,5
R0269,58,Male,Center,Bachelor,17510.0,54.6,40.3,3,2,2.0,1,4.0,4
R0270,39,Male,North,Bachelor,15030.0,48.6,46.3,4,4,3.0,5,3.0,2
R0271,33,Male,South,Primary,12980.0,42.4,33.8,4,3,3.0,5,4.0,5
R0272,28,Male,South,Bachelor,21580.0,45.3,41.2,4,5,4.0,3,4.0,5
R0273,40,Female,North,Master,29030.0,52.1,47.1,3,3,3.0,3,1.0,2
R0274,55,Prefer not to say,West,Bachelor,21640.0,38.8,30.7,4,4,4.0,3,4.0,4
R0275,19,Male,South,Bachelor,15090.0,38.5,44.0,3,4,3.0,4,4.0,2
R0276,41,Male,South,PhD,14410.0,40.1,28.5,4,4,4.0,4,3.0,3
R0277,46,Male,West,Master,,41.0,40.9,3,3,,3,1.0,1
R0278,66,Male,West,Bachelor,25930.0,40.9,30.2,3,1,4.0,5,4.0,2
R0279,49,Prefer not to say,North,Secondary,12510.0,54.3,42.7,4,3,4.0,5,3.0,5
R0280,58,Male,West,Bachelor,16650.0,47.7,28.7,5,5,4.0,5,5.0,5
R0281,40,Female,Center,Bachelor,20760.0,47.3,38.9,4,4,3.0,5,4.0,4
R0282,22,Female,South,Bachelor,14090.0,39.6,,3,3,3.0,2,3.0,5
R0283,21,Male,North,Secondary,14970.0,49.1,34.9,2,3,,2,3.0,3
R0284,30,Male,North,Secondary,9490.0,45.8,18.7,3,5,3.0,3,4.0,3
R0285,42,Female,North,PhD,29010.0,49.0,32.4,4,5,5.0,4,3.0,3
R0286,36,Male,Center,Secondary,25830.0,38.9,24.7,4,3,3.0,5,4.0,5
R0287,34,Male,East,Bachelor,15830.0,36.9,23.8,5,5,4.0,4,5.0,5
R0288,64,Female,North,Secondary,15630.0,43.8,23.3,3,3,3.0,4,3.0,3
R0289,18,Female,North,Master,13830.0,45.7,35.1,3,3,4.0,4,2.0,3
R0290,26,Female,West,Primary,9510.0,33.6,,5,5,3.0,4,5.0,4
R0291,71,Male,Center,Master,,46.2,,4,3,3.0,4,4.0,4
R0292,44,Female,West,Master,38930.0,44.9,31.6,2,2,3.0,2,1.0,2
R0293,31,Female,North,Bachelor,27270.0,50.5,,3,3,2.0,4,3.0,2
R0294,25,Male,East,Bachelor,10390.0,38.0,,4,4,5.0,4,,3
R0295,50,Male,Center,Master,25380.0,-99.0,32.0,4,4,4.0,4,4.0,4
R0296,49,Female,Center,Master,17920.0,41.3,,4,5,5.0,3,4.0,4
R0297,50,Male,West,Primary,14790.0,43.2,36.3,4,3,3.0,4,3.0,4
R0298,23,Female,East,Primary,9190.0,43.4,44.3,4,4,5.0,4,3.0,5
R0299,42,Female,North,Primary,18080.0,31.0,29.1,5,5,5.0,5,4.0,5
R0300,37,Female,Center,Secondary,15950.0,40.8,36.3,3,3,2.0,2,,4
R0301,46,Male,Center,Secondary,,39.5,28.0,4,4,3.0,4,5.0,3
R0302,19,Male,East,Secondary,,44.3,,4,3,4.0,4,3.0,5
R0303,48,Male,South,Master,,38.8,30.4,3,3,4.0,3,4.0,2
R0304,60,Female,South,Bachelor,26450.0,46.9,38.6,3,3,4.0,3,3.0,5
R0305,22,Male,South,Bachelor,12870.0,46.8,,5,4,5.0,3,4.0,5
R0306,51,Male,West,Secondary,,36.3,27.5,3,3,2.0,5,5.0,4
R0307,62,Male,South,Bachelor,24280.0,56.0,38.9,3,3,2.0,3,4.0,3
R0308,51,Female,North,Bachelor,11820.0,38.3,33.4,4,4,4.0,5,4.0,4
R0309,39,Male,South,Bachelor,24030.0,43.5,29.9,4,3,3.0,3,,5
R0310,42,Female,East,Bachelor,31840.0,49.0,34.6,4,4,4.0,3,4.0,3
R0311,33,Male,West,Secondary,12250.0,45.3,51.1,3,3,2.0,4,3.0,4
R0312,43,Female,South,Bachelor,19760.0,35.9,37.2,3,5,4.0,3,4.0,3
R0313,26,Female,East,Master,27250.0,46.8,31.5,4,2,5.0,4,5.0,3
R0314,41,Male,East,Bachelor,21360.0,35.9,33.3,2,2,3.0,1,4.0,2
R0315,29,Female,North,Bachelor,18790.0,42.5,,2,3,1.0,2,2.0,3
R0316,21,Female,East,Secondary,8230.0,31.9,23.2,3,3,1.0,2,,4
R0317,60,Female,South,Secondary,14270.0,55.2,35.7,3,3,3.0,4,2.0,3
R0318,18,Male,West,Master,12350.0,57.6,38.8,2,1,,1,2.0,1
R0319,63,Male,West,Secondary,29820.0,44.6,39.2,3,4,4.0,2,3.0,1
R0320,18,Female,South,PhD,26270.0,40.3,41.7,4,5,5.0,5,5.0,5
R0321,52,Male,Center,Bachelor,22590.0,39.3,36.8,3,3,2.0,4,4.0,3
R0322,42,Male,Center,Master,36230.0,65.3,44.0,1,3,3.0,1,2.0,2
R0323,19,Female,East,Bachelor,,41.7,28.3,3,1,3.0,1,3.0,1
R0324,33,Male,North,Bachelor,20820.0,40.1,29.2,4,5,4.0,4,3.0,5
R0325,27,Male,East,Secondary,10080.0,50.9,46.0,3,3,3.0,2,3.0,3
R0326,27,Prefer not to say,South,Bachelor,17340.0,32.2,,4,4,5.0,4,2.0,4
R0327,52,Female,East,Secondary,9220.0,27.2,23.6,3,4,3.0,3,1.0,3
R0328,24,Male,North,PhD,20140.0,52.6,39.5,3,2,3.0,1,4.0,4
R0329,18,Prefer not to say,Center,Secondary,13530.0,31.1,32.9,4,2,4.0,3,3.0,2
R0330,55,Male,North,Master,16290.0,49.1,31.0,3,3,,2,2.0,2
R0331,45,Female,East,Bachelor,,51.6,36.3,3,1,5.0,4,4.0,4
R0332,40,Male,West,Bachelor,27560.0,42.0,45.2,3,3,2.0,2,2.0,2
R0333,36,Prefer not to say,North,Secondary,13390.0,53.2,54.6,2,2,2.0,1,1.0,2
R0334,49,Male,South,PhD,26650.0,-99.0,36.9,5,4,5.0,5,4.0,4
R0335,45,Male,West,Master,,36.5,20.7,3,2,4.0,2,3.0,4
R0336,38,Female,South,Bachelor,24250.0,42.9,47.1,3,3,3.0,4,4.0,4
R0337,32,Male,East,Secondary,25330.0,42.3,34.7,3,2,3.0,3,4.0,4
R0338,54,Female,South,Bachelor,36090.0,37.4,19.5,5,5,5.0,4,4.0,5
R0339,59,Male,Center,Master,18920.0,54.0,34.4,5,5,5.0,4,,4
R0340,46,Female,Center,Bachelor,17810.0,34.2,35.5,4,5,3.0,3,3.0,4
R0341,75,Male,North,Bachelor,,46.1,26.0,4,4,5.0,2,4.0,4
R0342,43,Male,East,Bachelor,19540.0,56.6,40.5,4,5,3.0,3,4.0,5
R0343,42,Male,West,Bachelor,12210.0,51.9,40.3,5,5,5.0,5,4.0,5
R0344,60,Male,North,Bachelor,,53.7,24.6,5,5,5.0,5,5.0,5
R0345,44,Female,South,Master,,55.3,49.7,3,3,2.0,3,3.0,2
R0346,43,Male,Center,Primary,19010.0,43.7,34.3,4,4,4.0,5,5.0,3
R0347,35,Male,West,Secondary,,48.7,37.5,4,4,4.0,4,4.0,4
R0348,46,Female,East,Master,,46.8,42.5,3,4,4.0,2,4.0,2
R0349,18,Female,West,Bachelor,,23.3,,5,4,5.0,5,5.0,4
R0350,30,Prefer not to say,South,Secondary,17220.0,43.3,40.5,3,3,3.0,2,2.0,2
R0351,26,Male,West,Bachelor,18330.0,26.3,29.3,3,3,5.0,3,2.0,1
R0352,18,Male,North,Bachelor,10210.0,32.4,32.9,3,3,4.0,2,3.0,2
R0353,54,Female,East,Master,49420.0,45.3,31.8,4,4,3.0,4,4.0,4
R0354,36,Prefer not to say,Center,Bachelor,17420.0,51.3,45.2,3,5,3.0,2,5.0,4
R0355,28,Female,North,Master,27610.0,36.1,,3,3,3.0,3,3.0,3
R0356,45,Male,West,Secondary,26820.0,25.6,26.7,3,2,3.0,2,1.0,4
R0357,24,Male,South,Master,19980.0,37.3,37.9,3,2,3.0,3,2.0,3
R0358,52,Female,West,Secondary,35390.0,30.2,34.2,4,4,3.0,5,4.0,5
R0359,59,Female,East,Secondary,10420.0,42.9,45.4,3,3,4.0,3,2.0,2
R0360,21,Male,South,Master,31880.0,34.6,25.0,5,5,5.0,5,4.0,5
R0361,56,Male,North,Master,18800.0,47.7,28.1,4,3,3.0,2,5.0,5
R0362,43,Male,East,Master,35450.0,54.2,43.7,4,5,4.0,4,4.0,2
R0363,55,Male,South,Secondary,14550.0,44.2,39.4,4,4,5.0,3,3.0,4
R0364,43,Female,North,Bachelor,19290.0,43.9,37.8,3,2,3.0,4,4.0,3
R0365,29,Female,North,Secondary,21080.0,51.4,46.5,3,4,3.0,2,4.0,2
R0366,19,Female,South,Secondary,19600.0,45.0,35.3,5,5,4.0,5,5.0,4
R0367,25,Male,South,Bachelor,,48.1,45.5,4,3,5.0,5,4.0,5
R0368,33,Female,North,Master,,49.3,36.5,4,4,,5,3.0,3
R0369,54,Female,South,Secondary,14640.0,22.8,18.9,5,5,5.0,5,5.0,5
R0370,48,Female,South,Secondary,17360.0,36.6,32.1,4,4,4.0,4,3.0,3
R0371,44,Female,West,Bachelor,29720.0,55.0,30.7,5,5,5.0,5,4.0,4
R0372,59,Female,West,Secondary,22900.0,35.1,36.8,4,5,4.0,4,4.0,5
R0373,18,Male,East,Master,16150.0,51.0,,3,3,2.0,1,3.0,4
R0374,25,Female,East,Master,23560.0,41.4,,3,3,4.0,3,3.0,5
R0375,25,Female,North,Primary,16780.0,40.3,,5,5,5.0,5,5.0,5
R0376,41,Female,North,Bachelor,29540.0,32.2,27.8,4,3,5.0,4,5.0,4
R0377,18,Male,East,PhD,,40.3,,4,3,3.0,5,4.0,5
R0378,32,Male,East,Primary,10410.0,39.8,28.9,4,3,3.0,5,,3
R0379,58,Female,East,Secondary,21040.0,43.3,40.4,4,5,4.0,4,5.0,5
R0380,53,Male,North,Secondary,23970.0,32.4,34.3,3,4,3.0,3,,4
R0381,60,Male,South,Secondary,13480.0,29.5,40.2,2,1,1.0,3,1.0,3
R0382,33,Female,West,PhD,22960.0,52.8,35.4,4,3,4.0,3,5.0,5
R0383,26,Female,West,Bachelor,16250.0,48.6,41.1,3,4,5.0,3,2.0,4
R0384,44,Male,North,Secondary,12190.0,47.1,30.6,4,3,5.0,4,,2
R0385,28,Male,East,Secondary,9610.0,52.8,40.4,3,3,3.0,4,4.0,3
R0386,39,Male,North,Secondary,27310.0,49.8,36.3,4,5,4.0,4,,5
R0387,38,Female,North,Secondary,10270.0,47.2,23.2,5,5,,4,5.0,5
R0388,47,Male,South,Secondary,27470.0,47.6,50.2,3,2,4.0,5,3.0,2
R0389,59,Female,West,Master,38730.0,46.1,,5,5,4.0,4,5.0,5
R0390,58,Female,East,Bachelor,19040.0,44.5,31.8,4,4,3.0,4,3.0,3
R0391,52,Female,South,Secondary,26160.0,46.4,40.1,3,4,3.0,1,5.0,2
R0392,37,Female,Center,Secondary,13480.0,48.7,34.2,4,5,,5,,4
R0393,49,Male,Center,Secondary,17080.0,55.4,43.4,3,2,3.0,3,3.0,3
R0394,35,Prefer not to say,East,Bachelor,16640.0,47.1,35.2,4,5,4.0,4,5.0,4
R0395,28,Male,East,PhD,,52.3,40.5,2,3,2.0,5,3.0,3
R0396,20,Female,East,Secondary,20700.0,50.8,44.8,3,2,,4,4.0,3
R0397,33,Male,East,Bachelor,21010.0,46.2,49.5,2,2,1.0,3,2.0,1
R0398,47,Male,South,Master,33640.0,41.5,32.3,5,5,5.0,5,5.0,5
R0399,49,Male,North,Secondary,21560.0,41.1,30.1,3,5,4.0,3,3.0,2
R0400,41,Male,West,Bachelor,,44.1,36.1,3,1,3.0,3,3.0,3
R0401,48,Female,East,Bachelor,15950.0,40.6,39.8,2,2,2.0,1,2.0,2
R0402,33,Female,Center,Secondary,20150.0,35.6,32.6,3,2,3.0,3,2.0,2
R0403,62,Female,East,PhD,,55.5,49.3,3,1,3.0,2,3.0,2
R0404,42,Female,North,Secondary,14480.0,52.8,35.4,4,4,4.0,5,3.0,5
R0405,36,Male,East,Primary,14300.0,33.8,30.6,4,4,2.0,4,5.0,3
R0406,49,Female,West,Master,50270.0,60.6,35.1,4,2,5.0,4,5.0,3
R0407,38,Male,Center,Primary,30660.0,29.3,23.5,3,4,3.0,4,,3
R0408,45,Female,South,Bachelor,38810.0,47.7,39.5,4,5,3.0,5,4.0,5
R0409,60,Male,West,Secondary,,45.6,36.6,4,4,4.0,5,5.0,4
R0410,30,Female,Center,Secondary,19310.0,36.5,40.2,2,3,2.0,1,2.0,3
R0411,37,Female,Center,Primary,15800.0,48.5,45.2,3,2,4.0,1,4.0,3
R0412,38,Male,Center,Bachelor,32900.0,43.9,34.9,4,3,5.0,4,4.0,4
R0413,41,Female,West,Secondary,,42.6,43.9,4,5,3.0,5,3.0,5
R0414,65,Male,West,Master,26480.0,38.6,35.5,3,2,4.0,4,3.0,2
R0415,52,Female,East,Bachelor,,28.6,27.6,4,3,4.0,4,3.0,4
R0416,58,Female,East,Secondary,24410.0,34.2,20.6,4,3,4.0,4,5.0,4
R0417,18,Female,East,Bachelor,12680.0,51.9,,4,4,4.0,5,4.0,4
R0418,47,Male,West,Secondary,,30.7,30.0,4,5,4.0,3,5.0,4
R0419,44,Female,Center,Secondary,17960.0,37.8,28.9,5,5,5.0,5,4.0,4
R0420,48,Male,North,Bachelor,17790.0,40.1,37.6,3,3,3.0,2,3.0,3
R0421,41,Female,Center,Bachelor,,34.2,28.6,4,2,4.0,5,4.0,5
R0422,32,Male,Center,Master,20430.0,44.6,37.9,3,4,4.0,3,4.0,3
R0423,50,Female,North,Secondary,14450.0,42.5,37.6,1,2,1.0,1,1.0,1
R0424,38,Male,East,Bachelor,,44.4,37.6,3,2,3.0,3,2.0,2
R0425,41,Male,South,Secondary,11600.0,48.7,31.9,4,4,3.0,4,4.0,5
R0426,33,Male,North,Secondary,16990.0,45.4,35.2,3,3,4.0,3,2.0,4
R0427,38,Male,Center,Bachelor,32350.0,58.5,41.3,3,4,2.0,3,2.0,3
R0428,48,Female,South,Secondary,23050.0,53.2,34.0,3,3,2.0,4,3.0,3
R0429,52,Male,East,Bachelor,16590.0,46.1,35.6,4,3,2.0,4,4.0,4
R0430,40,Male,East,Secondary,15090.0,44.6,35.3,3,3,2.0,4,3.0,3
R0431,42,Female,West,Bachelor,17470.0,43.5,29.5,5,5,4.0,5,5.0,5
R0432,38,Male,North,Secondary,23900.0,46.8,47.7,2,3,1.0,5,1.0,3
R0433,52,Male,North,Secondary,13280.0,39.6,32.7,3,3,3.0,3,5.0,4
R0434,35,Female,North,Primary,32430.0,41.5,35.8,3,1,4.0,3,3.0,3
R0435,37,Male,East,Bachelor,18800.0,51.5,37.2,4,2,3.0,4,4.0,5
R0436,42,Male,East,Master,25270.0,-99.0,45.7,2,2,2.0,3,2.0,2
R0437,35,Female,East,PhD,,55.2,39.9,4,3,4.0,5,5.0,3
R0438,45,Male,West,Secondary,20770.0,40.2,32.3,3,3,2.0,3,4.0,4
R0439,62,Female,West,Secondary,19090.0,43.4,30.6,5,5,5.0,4,4.0,4
R0440,41,Male,East,Bachelor,17540.0,35.4,40.8,4,5,5.0,4,4.0,4
R0441,60,Female,West,Bachelor,14440.0,31.2,25.7,4,4,5.0,4,5.0,3
R0442,53,Female,Center,Secondary,33960.0,43.1,33.5,4,4,3.0,5,5.0,4
R0443,43,Male,North,Bachelor,,55.4,39.4,3,3,1.0,3,5.0,3
R0444,50,Female,West,Bachelor,,26.9,30.4,3,3,4.0,4,3.0,3
R0445,60,Male,West,Primary,14420.0,32.4,29.0,4,3,5.0,4,3.0,4
R0446,30,Female,Center,Bachelor,25480.0,51.8,,3,4,3.0,2,3.0,3
R0447,50,Female,South,Bachelor,22890.0,48.2,33.2,3,3,2.0,3,3.0,4
R0448,57,Female,East,Bachelor,,47.5,39.3,3,3,3.0,3,2.0,4
R0449,31,Female,East,Bachelor,13040.0,46.0,33.0,5,5,4.0,4,5.0,5
R0450,59,Male,East,Secondary,,52.4,32.6,4,2,5.0,5,4.0,4
R0451,50,Female,Center,Bachelor,13390.0,41.9,23.8,4,4,4.0,5,5.0,4
R0452,30,Female,West,Secondary,15330.0,41.7,33.9,4,3,5.0,2,4.0,4
R0453,47,Female,Center,Bachelor,11740.0,40.2,29.5,4,5,5.0,4,4.0,4
R0454,22,Male,South,Bachelor,20390.0,35.7,48.2,3,3,3.0,4,2.0,3
R0455,25,Male,North,Secondary,17920.0,56.9,36.6,3,4,3.0,4,2.0,3
R0456,21,Male,South,Bachelor,17290.0,39.8,31.0,4,3,4.0,2,,3
R0457,44,Female,Center,Secondary,22070.0,31.1,26.0,5,5,5.0,5,4.0,5
R0458,36,Female,West,Master,33090.0,50.6,42.8,3,3,,3,2.0,2
R0459,31,Female,West,Secondary,11010.0,26.3,39.8,3,5,2.0,3,4.0,2
R0460,34,Female,North,Bachelor,17030.0,45.3,42.7,2,4,3.0,1,2.0,2
R0461,39,Female,East,Master,17560.0,-99.0,35.0,2,1,1.0,3,1.0,2
R0462,36,Male,West,Master,36110.0,45.3,49.5,2,3,1.0,2,2.0,1
R0463,34,Male,Center,Bachelor,9660.0,45.3,41.6,3,3,5.0,4,3.0,4
R0464,43,Male,North,Primary,9960.0,28.8,33.6,2,3,2.0,2,3.0,2
R0465,28,Male,North,Primary,9980.0,44.3,40.8,4,4,3.0,3,4.0,5
R0466,33,Male,East,PhD,23930.0,53.6,37.2,4,4,4.0,4,5.0,5
R0467,56,Prefer not to say,West,Master,,49.5,24.9,4,4,3.0,4,4.0,5
R0468,45,Female,South,Bachelor,15230.0,33.9,30.9,3,3,2.0,4,3.0,2
R0469,18,Male,South,Secondary,12850.0,52.9,38.0,4,4,2.0,3,,5
R0470,61,Male,North,Bachelor,26290.0,43.4,,4,4,4.0,5,4.0,4
R0471,29,Female,West,Bachelor,23860.0,55.0,,4,5,4.0,4,4.0,4
R0472,62,Male,East,Master,,48.2,34.1,3,4,5.0,5,2.0,3
R0473,42,Male,Center,Master,27990.0,56.4,40.2,4,4,4.0,2,4.0,4
R0474,53,Male,West,Bachelor,24310.0,49.5,46.5,2,2,2.0,2,2.0,3
R0475,18,Male,South,Primary,12970.0,33.3,37.3,4,5,4.0,5,3.0,4
R0476,30,Male,North,Bachelor,,52.8,40.0,3,4,2.0,4,3.0,3
R0477,32,Female,East,Bachelor,10890.0,39.6,30.4,3,1,3.0,4,3.0,1
R0478,33,Male,West,Bachelor,21230.0,-99.0,32.3,4,5,4.0,4,4.0,3
R0479,30,Male,South,Secondary,15120.0,34.3,28.0,5,5,5.0,4,5.0,5
R0480,32,Female,West,Master,21370.0,-99.0,43.3,2,2,3.0,3,3.0,2
R0481,39,Male,East,Bachelor,25040.0,46.5,39.7,3,3,3.0,3,2.0,4
R0482,32,Male,North,Secondary,22860.0,44.3,39.0,3,5,3.0,3,3.0,3
R0483,38,Female,Center,Secondary,28120.0,28.1,34.6,4,5,2.0,5,5.0,2
R0484,44,Female,Center,Secondary,19860.0,56.2,42.4,4,5,2.0,4,3.0,4
R0485,18,Male,South,Primary,11650.0,44.4,43.5,4,3,3.0,3,5.0,5
R0486,37,Female,South,Master,26960.0,48.9,36.8,4,3,2.0,3,5.0,4
R0487,27,Female,East,Secondary,9460.0,-99.0,47.2,3,4,2.0,2,3.0,3
R0488,39,Male,North,Primary,12910.0,37.4,33.9,4,5,4.0,5,5.0,4
R0489,48,Male,East,Master,18470.0,49.5,38.2,3,3,3.0,2,4.0,3
R0490,22,Female,East,Secondary,30710.0,52.1,57.0,3,3,2.0,2,4.0,3
R0491,35,Female,West,Bachelor,28060.0,34.9,,5,5,5.0,4,5.0,4
R0492,52,Male,West,Secondary,22560.0,44.6,45.2,5,5,5.0,4,4.0,4
R0493,54,Female,East,Bachelor,39580.0,42.6,34.7,2,2,3.0,2,2.0,1
R0494,33,Male,North,Primary,21670.0,43.3,48.5,4,2,4.0,5,3.0,3
R0495,52,Female,South,Primary,18890.0,30.9,30.6,4,2,3.0,4,5.0,4
R0496,44,Male,South,PhD,46030.0,47.1,30.1,4,4,4.0,5,4.0,4
R0497,41,Male,North,Bachelor,24860.0,49.0,38.9,4,4,3.0,3,4.0,5
R0498,34,Male,South,Master,37080.0,56.6,,4,5,4.0,4,5.0,4
R0499,44,Male,North,PhD,28760.0,50.5,42.7,4,5,2.0,4,4.0,4
R0500,49,Male,South,Bachelor,,56.7,46.4,3,4,4.0,5,5.0,4
R0501,31,Prefer not to say,North,Bachelor,,43.6,37.8,4,3,4.0,4,4.0,5
R0502,46,Male,East,Primary,21330.0,43.2,32.2,4,4,4.0,4,4.0,5
R0503,25,Female,West,Bachelor,14340.0,36.1,,5,5,4.0,4,5.0,5
R0504,25,Male,West,Secondary,17230.0,45.7,,3,3,2.0,3,2.0,3
R0505,47,Female,Center,Primary,12340.0,36.2,27.7,4,5,4.0,3,5.0,4
R0506,37,Male,West,PhD,30290.0,56.4,38.2,4,5,5.0,5,4.0,4
R0507,30,Male,North,Bachelor,10090.0,32.9,24.1,4,4,4.0,3,3.0,3
R0508,45,Female,East,Primary,7110.0,24.3,33.4,3,2,,1,3.0,1
R0509,49,Male,West,Secondary,16330.0,28.6,,5,4,3.0,5,5.0,5
R0510,41,Male,South,PhD,30910.0,55.4,47.9,3,2,2.0,3,2.0,3
R0511,59,Male,East,Master,20790.0,43.7,39.7,2,4,2.0,1,1.0,3
R0512,31,Male,North,Secondary,35070.0,43.2,41.6,4,3,2.0,5,3.0,4
R0513,32,Female,East,Master,16010.0,44.9,32.3,4,4,4.0,4,4.0,4
R0514,52,Male,North,Secondary,13610.0,49.6,32.9,3,4,2.0,1,2.0,3
R0515,27,Male,West,Master,21390.0,36.0,,4,3,5.0,4,3.0,5
R0516,49,Female,East,Secondary,,36.7,34.5,3,4,2.0,3,3.0,4
R0517,19,Male,South,Secondary,15880.0,40.5,33.3,4,5,3.0,3,5.0,4
R0518,27,Female,South,Primary,8910.0,45.9,32.5,3,3,2.0,2,3.0,3
R0519,38,Female,North,Bachelor,26890.0,40.8,41.3,4,4,5.0,4,4.0,2
R0520,35,Female,North,PhD,17430.0,50.9,49.8,3,4,5.0,2,3.0,3
R0521,60,Prefer not to say,North,Bachelor,19610.0,50.7,38.1,3,3,4.0,3,2.0,3
R0522,28,Prefer not to say,North,Bachelor,16570.0,45.9,29.9,4,4,4.0,5,,3
R0523,40,Female,Center,Bachelor,,41.7,30.2,3,3,3.0,3,4.0,4
R0524,42,Female,East,Secondary,20390.0,45.1,49.5,4,4,4.0,4,3.0,3
R0525,39,Female,South,Bachelor,20590.0,42.7,34.8,5,5,5.0,5,5.0,5
R0526,55,Male,South,Primary,,30.9,31.1,3,4,2.0,1,3.0,3
R0527,33,Female,North,PhD,18760.0,45.3,45.4,3,3,3.0,5,4.0,3
R0528,33,Female,East,Secondary,14380.0,33.2,29.0,4,3,4.0,5,3.0,4
R0529,27,Female,West,Master,20690.0,54.2,,3,3,,3,3.0,3
R0530,51,Male,Center,Secondary,,38.6,34.8,3,3,1.0,3,,3
R0531,43,Male,East,Secondary,,28.1,16.3,5,5,5.0,5,4.0,5
R0532,44,Male,North,Bachelor,25840.0,47.2,31.6,5,4,5.0,5,5.0,5
R0533,43,Female,South,PhD,,60.4,50.5,4,3,5.0,3,5.0,2
R0534,26,Male,Center,Bachelor,28070.0,37.0,39.6,2,1,3.0,1,1.0,2
R0535,46,Female,North,Bachelor,23970.0,49.1,31.1,4,4,4.0,5,2.0,3
R0536,44,Female,North,Secondary,9770.0,30.7,30.9,3,2,3.0,3,3.0,4
R0537,59,Male,Center,Bachelor,21340.0,41.1,25.4,4,5,4.0,5,3.0,4
R0538,46,Male,Center,Bachelor,40140.0,43.6,23.3,5,5,3.0,3,5.0,5
R0539,30,Female,South,Bachelor,,43.3,33.1,4,5,4.0,5,3.0,3
R0540,36,Male,Center,Bachelor,,48.9,36.1,5,4,5.0,5,5.0,5
R0541,63,Female,West,Secondary,,45.2,28.5,4,3,,2,3.0,2
R0542,25,Female,East,Primary,11640.0,46.9,37.9,5,5,4.0,5,5.0,5
R0543,23,Female,West,Master,,51.3,,3,2,4.0,3,5.0,3
R0544,43,Male,North,Master,21820.0,50.7,41.3,4,5,4.0,3,3.0,5
R0545,59,Male,Center,Bachelor,,39.5,33.9,4,3,5.0,5,,4
R0546,41,Male,South,Primary,15510.0,37.3,29.0,4,3,5.0,4,2.0,3
R0547,25,Female,South,Secondary,11360.0,35.1,29.2,4,2,,5,2.0,4
R0548,68,Male,East,Secondary,19800.0,46.4,26.0,4,5,3.0,4,5.0,4
R0549,30,Female,South,Master,18010.0,51.2,34.8,3,4,3.0,4,2.0,3
R0550,51,Male,North,Bachelor,14680.0,46.3,33.8,3,2,2.0,3,4.0,4
R0551,59,Male,West,Primary,22970.0,42.5,22.4,4,5,3.0,4,4.0,3
R0552,41,Male,West,Secondary,26390.0,29.7,34.3,2,1,2.0,2,2.0,3
R0553,48,Female,Center,Secondary,,46.6,34.4,3,3,3.0,4,3.0,2
R0554,59,Female,South,Master,26340.0,42.1,37.2,3,4,3.0,3,3.0,2
R0555,24,Female,Center,Primary,18110.0,45.2,,4,5,4.0,5,4.0,3
R0556,50,Female,West,Bachelor,,43.8,29.5,5,5,5.0,5,3.0,5
R0557,55,Female,West,Primary,8390.0,45.3,31.5,3,4,3.0,4,2.0,3
R0558,56,Female,West,Primary,12140.0,39.1,40.6,5,3,5.0,5,5.0,5
R0559,35,Female,North,Secondary,12210.0,45.3,33.5,3,4,4.0,3,5.0,4
R0560,46,Male,West,Secondary,,38.9,34.8,4,5,3.0,5,3.0,4
R0561,33,Female,North,Secondary,19780.0,51.6,48.4,4,5,5.0,3,5.0,3
R0562,32,Male,South,Master,,40.1,31.7,3,4,4.0,4,3.0,2
R0563,28,Female,East,Bachelor,17580.0,38.5,,4,4,3.0,5,4.0,5
R0564,48,Male,Center,Primary,13290.0,32.5,23.8,5,4,5.0,4,5.0,5
R0565,43,Male,North,Bachelor,15000.0,47.7,39.2,3,3,2.0,2,3.0,3
R0566,55,Male,North,Bachelor,,42.6,36.1,4,5,4.0,4,4.0,5
R0567,18,Male,East,Secondary,9080.0,40.7,37.2,4,5,3.0,3,5.0,3
R0568,29,Female,North,Secondary,19950.0,47.7,,4,2,4.0,3,4.0,5
R0569,44,Female,West,Master,28340.0,47.1,35.6,3,1,4.0,4,3.0,3
R0570,62,Female,West,Master,,53.0,45.1,3,3,4.0,3,4.0,4
R0571,31,Male,West,Bachelor,,42.3,36.6,4,4,2.0,5,4.0,4
R0572,18,Male,Center,Secondary,,51.1,43.0,2,1,2.0,2,1.0,2
R0573,33,Male,Center,Secondary,21770.0,40.6,37.8,3,4,2.0,2,3.0,2
R0574,39,Female,East,Secondary,22530.0,41.5,34.9,3,3,4.0,4,3.0,2
R0575,51,Male,North,Master,27050.0,60.0,32.8,4,5,3.0,5,5.0,2
R0576,55,Male,North,PhD,,42.2,33.8,4,4,3.0,4,5.0,5
R0577,50,Female,East,Master,32370.0,48.4,47.5,4,3,5.0,4,4.0,3
R0578,39,Female,North,Secondary,16020.0,32.1,26.6,5,3,4.0,4,5.0,5
R0579,67,Female,Center,Bachelor,27980.0,43.9,,5,4,4.0,3,5.0,3
R0580,32,Female,West,Bachelor,22720.0,37.1,24.7,4,4,3.0,4,5.0,4
R0581,41,Female,South,Bachelor,17660.0,52.5,36.8,4,4,4.0,4,4.0,5
R0582,48,Male,Center,Secondary,26930.0,43.6,34.9,3,4,2.0,4,3.0,3
R0583,34,Prefer not to say,East,Secondary,,38.2,42.7,3,2,2.0,3,2.0,5
R0584,38,Female,East,Primary,9940.0,38.8,31.9,5,4,5.0,5,5.0,5
R0585,49,Male,East,Bachelor,18930.0,39.2,34.0,4,5,5.0,4,4.0,5
R0586,29,Male,Center,Secondary,14850.0,48.2,,4,5,4.0,4,4.0,3
R0587,38,Female,East,Bachelor,,42.1,,4,2,3.0,5,3.0,5
R0588,39,Male,North,Bachelor,,46.9,38.6,3,1,4.0,2,3.0,3
R0589,70,Male,East,Bachelor,,46.0,40.6,5,4,4.0,5,4.0,5
R0590,51,Female,North,Primary,15880.0,42.9,34.1,5,4,4.0,4,5.0,5
R0591,32,Prefer not to say,Center,Secondary,24000.0,55.3,41.3,3,4,2.0,3,3.0,3
R0592,51,Female,Center,Master,38150.0,41.6,26.9,5,5,5.0,5,5.0,5
R0593,27,Male,North,Bachelor,16640.0,45.0,,3,3,3.0,4,3.0,3
R0594,46,Female,West,Master,,34.9,31.5,3,2,2.0,3,5.0,1
R0595,20,Female,South,Master,,47.3,33.9,4,5,4.0,4,3.0,3
R0596,50,Female,Center,Bachelor,,42.2,30.3,5,4,5.0,5,4.0,5
R0597,39,Male,North,Secondary,13730.0,51.3,45.9,3,4,3.0,4,2.0,2
R0598,24,Male,North,Primary,27510.0,43.7,,2,1,2.0,1,1.0,1
R0599,46,Male,West,Secondary,17850.0,36.5,36.8,4,4,4.0,5,,3
R0600,52,Female,Center,Primary,,34.4,39.6,4,4,2.0,3,2.0,4
R0601,46,Female,South,PhD,16080.0,55.4,39.3,4,4,5.0,5,5.0,5
R0602,43,Female,West,Secondary,,38.4,44.6,4,5,2.0,5,4.0,4
R0603,24,Male,North,Bachelor,19850.0,39.8,43.5,3,2,4.0,5,4.0,2
R0604,51,Male,East,Secondary,10690.0,41.5,28.4,3,3,2.0,2,3.0,3
R0605,18,Male,West,Secondary,15390.0,45.5,33.5,5,4,5.0,5,5.0,5
R0606,34,Female,East,PhD,,46.1,31.8,3,4,4.0,1,4.0,3
R0607,66,Female,East,Secondary,28780.0,42.4,24.6,5,5,5.0,5,4.0,3
R0608,23,Female,Center,Bachelor,,41.0,31.3,4,4,3.0,3,3.0,4
R0609,18,Female,North,Bachelor,17880.0,34.3,44.5,3,2,3.0,3,3.0,2
R0610,29,Female,North,Secondary,26560.0,30.9,15.4,5,5,5.0,4,5.0,4
R0611,46,Male,West,Bachelor,12450.0,32.8,35.0,3,4,2.0,2,3.0,4
R0612,40,Female,South,Secondary,8570.0,36.3,32.7,3,1,4.0,3,3.0,3
R0613,54,Male,North,Secondary,28720.0,43.0,42.6,3,3,3.0,2,1.0,3
R0614,42,Male,South,Bachelor,12610.0,46.6,29.6,5,5,5.0,4,5.0,5
R0615,28,Male,East,Bachelor,17620.0,42.4,29.9,3,3,3.0,2,5.0,3
R0616,53,Male,West,Bachelor,45130.0,57.9,43.6,3,3,3.0,4,3.0,4
R0617,34,Female,South,Bachelor,,40.3,26.2,3,4,2.0,3,3.0,4
R0618,49,Female,North,Bachelor,,48.9,30.5,5,5,3.0,4,4.0,5
R0619,59,Male,Center,Master,,40.4,36.7,4,5,5.0,2,3.0,5
R0620,47,Female,North,Bachelor,33690.0,40.5,39.3,5,4,5.0,5,5.0,5
R0621,57,Female,West,Secondary,15440.0,44.6,37.6,3,2,3.0,3,4.0,3
R0622,26,Female,North,Bachelor,20460.0,38.8,36.5,4,5,4.0,3,5.0,3
R0623,36,Female,Center,Bachelor,,33.9,19.1,4,3,,3,3.0,4
R0624,43,Female,Center,Master,28380.0,33.2,24.4,4,5,4.0,4,4.0,3
R0625,26,Male,West,Secondary,14200.0,30.8,40.2,4,4,4.0,4,3.0,2
R0626,58,Male,Center,Master,22870.0,51.8,36.9,4,5,5.0,4,3.0,3
R0627,57,Male,North,Primary,10310.0,39.8,33.2,3,4,,2,2.0,4
R0628,47,Female,East,PhD,,43.6,,4,5,4.0,4,3.0,4
R0629,49,Male,Center,Bachelor,20610.0,39.9,31.3,5,5,4.0,5,5.0,5
R0630,40,Male,Center,Primary,,30.2,28.7,2,3,3.0,1,3.0,2
R0631,28,Male,North,Primary,16010.0,36.4,39.0,4,3,5.0,4,3.0,4
R0632,33,Male,Center,Master,10870.0,44.2,34.3,5,4,4.0,5,4.0,4
R0633,38,Prefer not to say,West,Secondary,21150.0,46.2,35.6,5,5,,5,,4
R0634,44,Male,East,Secondary,16410.0,64.0,59.9,2,2,2.0,2,1.0,1
R0635,40,Male,South,Bachelor,27760.0,45.9,44.4,4,2,,4,4.0,3
R0636,45,Female,West,Bachelor,15400.0,39.2,43.1,4,3,5.0,2,4.0,4
R0637,24,Female,North,Secondary,20220.0,45.5,47.6,3,3,5.0,3,3.0,3
R0638,32,Male,West,Bachelor,37200.0,46.4,38.8,3,3,4.0,3,2.0,3
R0639,43,Female,North,Secondary,9190.0,34.5,18.2,5,5,4.0,5,4.0,5
R0640,53,Male,North,PhD,,45.0,,4,3,4.0,4,3.0,4
R0641,21,Female,West,Secondary,15420.0,41.2,,4,5,4.0,5,4.0,3
R0642,45,Male,West,Secondary,24820.0,36.8,22.7,5,5,5.0,4,4.0,5
R0643,51,Male,Center,Primary,21830.0,39.1,26.9,3,3,3.0,4,3.0,2
R0644,40,Male,South,Bachelor,16400.0,52.3,48.4,4,2,5.0,4,2.0,2
R0645,42,Female,Center,Master,27330.0,53.8,47.6,1,1,2.0,2,1.0,1
R0646,36,Female,North,Bachelor,27630.0,39.8,34.7,3,3,4.0,4,2.0,3
R0647,41,Female,West,Secondary,13460.0,41.1,47.1,3,4,2.0,2,2.0,2
R0648,37,Female,West,Bachelor,21030.0,44.1,37.6,4,4,5.0,3,5.0,5
R0649,22,Male,South,Bachelor,16060.0,42.3,31.6,5,4,5.0,5,3.0,4
R0650,58,Male,South,Primary,17660.0,41.7,24.4,3,3,3.0,3,1.0,1
R0651,45,Female,East,PhD,,37.5,25.0,4,4,5.0,2,5.0,3
R0652,35,Female,North,Secondary,,42.0,43.8,4,5,5.0,5,3.0,4
R0653,58,Male,Center,Master,,39.3,30.4,3,3,3.0,3,,3
R0654,38,Female,North,Bachelor,,47.6,32.2,3,4,4.0,3,2.0,3
R0655,49,Male,West,Secondary,26880.0,38.3,28.8,4,3,2.0,5,4.0,4
R0656,20,Male,West,Bachelor,23110.0,30.9,34.0,3,4,4.0,3,3.0,3
R0657,34,Female,East,Primary,18760.0,42.5,31.3,4,5,4.0,5,4.0,5
R0658,55,Female,Center,Primary,23350.0,32.2,12.5,4,4,3.0,3,3.0,5
R0659,60,Male,West,Bachelor,44240.0,49.1,41.4,4,5,5.0,3,3.0,5
R0660,65,Female,Center,Secondary,19820.0,30.9,17.8,5,5,5.0,5,,5
R0661,60,Male,West,Master,16470.0,51.8,41.0,2,3,2.0,2,2.0,3
R0662,64,Female,Center,Bachelor,26810.0,37.7,29.0,4,4,4.0,3,3.0,5
R0663,33,Male,South,Secondary,17100.0,60.2,46.8,3,3,4.0,2,4.0,4
R0664,24,Male,East,Primary,16650.0,43.2,39.4,4,5,5.0,4,4.0,4
R0665,18,Male,South,Master,22710.0,57.2,46.7,3,3,3.0,4,4.0,4
R0666,43,Male,West,Secondary,16510.0,47.8,40.2,3,2,3.0,3,4.0,3
R0667,38,Male,North,Secondary,25240.0,44.1,34.8,4,4,2.0,3,4.0,5
R0668,61,Female,South,Primary,17280.0,29.1,14.4,5,5,,4,4.0,5
R0669,39,Male,Center,Master,15700.0,54.8,34.7,5,5,4.0,4,5.0,5
R0670,62,Female,West,Master,15320.0,49.6,25.3,5,5,3.0,4,5.0,5
R0671,21,Female,South,Secondary,11950.0,42.3,36.2,4,5,3.0,5,4.0,3
R0672,64,Female,North,Primary,40340.0,43.6,32.4,4,3,5.0,4,5.0,4
R0673,41,Female,East,Secondary,17680.0,44.2,30.3,4,5,4.0,4,5.0,5
R0674,59,Male,Center,Bachelor,21420.0,49.1,25.0,4,4,4.0,2,4.0,3
R0675,54,Male,East,Secondary,21150.0,35.3,26.9,5,5,5.0,5,4.0,5
R0676,30,Male,North,Secondary,9050.0,46.1,41.9,2,1,2.0,2,4.0,2
R0677,53,Female,South,Secondary,35860.0,37.3,33.3,4,4,,5,4.0,4
R0678,34,Female,South,Master,15890.0,-99.0,29.4,4,3,5.0,4,5.0,4
R0679,53,Male,North,Secondary,14050.0,42.5,30.6,3,3,3.0,3,,4
R0680,49,Female,Center,Secondary,16380.0,32.1,35.9,3,3,4.0,2,3.0,5
R0681,47,Female,West,Secondary,30360.0,39.7,41.4,3,2,2.0,4,5.0,2
R0682,40,Female,West,Bachelor,30980.0,37.9,32.6,4,5,5.0,5,4.0,4
R0683,39,Male,East,Master,31860.0,43.4,41.9,4,5,4.0,4,3.0,5
R0684,43,Male,South,Master,31650.0,52.5,46.1,4,5,3.0,4,4.0,5
R0685,18,Female,West,Secondary,7220.0,43.7,,3,5,3.0,2,2.0,3
R0686,54,Male,Center,Master,,45.8,38.1,4,4,3.0,4,5.0,5
R0687,41,Female,West,Bachelor,25130.0,47.3,41.2,3,4,3.0,4,,2
R0688,45,Female,South,Bachelor,18680.0,38.8,35.2,4,5,4.0,3,5.0,4
R0689,30,Female,South,Master,16100.0,52.1,50.3,4,4,4.0,5,5.0,4
R0690,46,Female,West,Secondary,,46.5,33.1,3,3,4.0,3,3.0,4
R0691,36,Female,Center,Bachelor,13540.0,49.3,44.2,3,4,1.0,3,2.0,4
R0692,62,Male,Center,Secondary,19200.0,38.1,30.3,4,4,3.0,5,4.0,4
R0693,24,Male,South,Master,42580.0,46.0,,3,3,2.0,2,3.0,3
R0694,58,Male,East,Secondary,17810.0,50.0,41.3,3,2,3.0,1,3.0,1
R0695,31,Prefer not to say,North,Master,25210.0,47.5,41.8,5,4,5.0,5,5.0,4
R0696,46,Prefer not to say,South,Bachelor,21840.0,47.3,34.2,4,5,3.0,5,4.0,5
R0697,38,Male,Center,Bachelor,33410.0,39.1,39.9,3,4,2.0,5,3.0,3
R0698,29,Female,North,Bachelor,,39.0,43.5,5,4,5.0,5,4.0,5
R0699,18,Female,East,Bachelor,24350.0,40.0,,4,4,4.0,4,5.0,3
R0700,51,Male,North,Bachelor,,34.9,32.3,4,4,4.0,3,4.0,5
R0701,19,Male,East,Secondary,18030.0,44.7,38.4,4,4,3.0,5,5.0,3
R0702,36,Female,West,PhD,27180.0,49.3,40.2,3,3,2.0,3,3.0,3
R0703,58,Male,South,Secondary,,38.8,42.5,4,3,3.0,4,3.0,5
R0704,59,Male,Center,Bachelor,19950.0,53.4,40.6,3,4,1.0,3,2.0,4
R0705,45,Male,East,Secondary,8580.0,30.8,40.0,3,3,2.0,4,3.0,4
R0706,21,Male,West,Bachelor,22270.0,54.8,,4,5,4.0,5,5.0,5
R0707,40,Male,South,Secondary,,46.5,45.1,4,4,4.0,5,5.0,5
R0708,42,Male,East,Bachelor,21670.0,43.4,37.4,3,3,1.0,3,,3
R0709,31,Male,South,PhD,30960.0,52.3,49.7,2,2,1.0,3,2.0,2
R0710,59,Male,East,Secondary,,54.8,,3,3,2.0,3,4.0,2
R0711,44,Female,South,Master,17000.0,45.3,32.8,2,4,1.0,1,2.0,3
R0712,46,Female,West,Bachelor,,59.1,25.5,5,5,4.0,4,5.0,4
R0713,40,Male,East,Master,29080.0,40.7,39.7,4,5,2.0,4,2.0,4
R0714,24,Female,North,Secondary,13370.0,24.7,33.8,5,5,5.0,5,5.0,5
R0715,29,Female,North,Secondary,14500.0,36.8,34.4,2,1,2.0,3,2.0,2
R0716,29,Female,Center,Bachelor,19630.0,57.7,,3,3,3.0,2,3.0,2
R0717,57,Female,North,Secondary,30010.0,51.1,32.6,3,3,3.0,3,2.0,2
R0718,42,Female,West,Bachelor,25290.0,41.9,36.5,4,5,5.0,4,2.0,5
R0719,47,Female,North,Secondary,14050.0,31.3,27.5,4,3,3.0,4,4.0,3
R0720,47,Male,East,Master,20060.0,46.2,32.5,5,5,5.0,4,4.0,5
R0721,47,Male,East,Bachelor,22790.0,44.7,34.3,4,4,4.0,4,5.0,3
R0722,63,Female,South,Bachelor,16760.0,43.3,23.6,3,2,4.0,2,4.0,3
R0723,52,Female,North,Bachelor,49160.0,28.0,14.6,5,5,4.0,5,5.0,5
R0724,45,Male,West,Bachelor,,39.8,32.9,2,2,,3,3.0,2
R0725,43,Female,East,PhD,30100.0,50.2,38.2,3,2,2.0,4,3.0,3
R0726,60,Female,North,Master,,50.6,48.5,4,5,,5,2.0,4
R0727,18,Male,West,Bachelor,9120.0,35.6,42.4,4,4,3.0,2,4.0,4
R0728,59,Female,West,Secondary,57200.0,35.4,20.4,4,4,3.0,3,3.0,3
R0729,35,Male,Center,Master,16430.0,45.1,26.9,4,5,5.0,3,4.0,4
R0730,48,Male,East,Bachelor,14530.0,50.5,27.4,5,5,5.0,4,4.0,5
R0731,38,Female,East,Master,,55.0,38.9,3,2,3.0,4,3.0,3
R0732,42,Female,West,Bachelor,19880.0,38.9,27.1,5,5,5.0,5,5.0,5
R0733,38,Female,Center,Secondary,,39.5,33.4,5,5,5.0,5,5.0,4
R0734,18,Male,South,Secondary,10440.0,45.8,34.1,4,5,3.0,3,5.0,5
R0735,27,Male,Center,Secondary,,44.8,34.7,5,4,4.0,5,5.0,5
R0736,30,Female,North,Bachelor,25860.0,39.6,41.0,4,3,3.0,5,5.0,3
R0737,24,Female,East,Secondary,18890.0,31.2,31.9,4,4,3.0,4,4.0,5
R0738,18,Male,South,Primary,12980.0,35.9,,3,5,3.0,2,4.0,3
R0739,48,Female,South,Bachelor,25400.0,39.3,35.5,3,3,2.0,4,,5
R0740,27,Female,South,Bachelor,21800.0,52.0,45.1,4,3,3.0,5,4.0,3
R0741,42,Male,North,Primary,20150.0,36.5,21.0,4,4,5.0,4,4.0,3
R0742,56,Female,West,Bachelor,45160.0,35.2,19.6,3,3,5.0,4,3.0,3
R0743,27,Male,West,Master,19910.0,50.9,,3,4,3.0,4,3.0,3
R0744,38,Male,North,Master,24130.0,52.2,44.6,2,2,3.0,2,3.0,1
R0745,55,Male,South,Master,24800.0,56.2,48.2,4,5,3.0,4,3.0,3
R0746,36,Female,Center,PhD,28000.0,48.5,43.3,2,2,2.0,3,2.0,2
R0747,36,Female,Center,Secondary,16620.0,38.3,37.4,3,3,4.0,2,2.0,3
R0748,18,Prefer not to say,Center,Secondary,16760.0,40.0,33.5,3,3,4.0,3,3.0,3
R0749,58,Male,East,Bachelor,23580.0,30.5,18.7,4,4,5.0,2,3.0,3
R0750,37,Male,East,Primary,,39.9,29.8,3,3,4.0,3,,3
R0751,23,Male,Center,Secondary,19960.0,33.0,35.0,4,4,4.0,4,3.0,4
R0752,51,Female,West,Bachelor,28800.0,41.6,34.5,4,2,3.0,4,3.0,4
R0753,35,Prefer not to say,East,Secondary,23820.0,39.4,37.9,4,5,5.0,3,4.0,3
R0754,39,Male,South,Master,24940.0,33.0,35.2,4,3,5.0,3,4.0,3
R0755,32,Female,West,Bachelor,,48.0,58.7,2,3,4.0,3,1.0,3
R0756,50,Female,South,Secondary,14360.0,35.1,24.2,5,4,5.0,5,5.0,5
R0757,49,Female,Center,Secondary,13930.0,44.1,34.5,4,4,,5,5.0,5
R0758,34,Male,Center,Bachelor,24700.0,41.2,37.2,4,3,5.0,3,5.0,2
R0759,40,Female,North,Master,28310.0,50.6,39.2,4,5,4.0,5,4.0,4
R0760,60,Male,South,Bachelor,24250.0,37.9,35.6,2,3,2.0,1,2.0,3
R0761,42,Prefer not to say,Center,PhD,24770.0,57.7,41.0,3,1,3.0,4,4.0,4
R0762,34,Male,Center,Master,19890.0,43.9,42.6,2,1,2.0,2,2.0,1
R0763,58,Male,Center,Primary,,46.6,34.8,4,4,5.0,4,3.0,5
R0764,32,Female,Center,PhD,38040.0,57.5,49.0,4,3,4.0,4,4.0,4
R0765,41,Female,North,Master,11100.0,39.8,39.8,4,5,5.0,4,4.0,4
R0766,24,Male,North,Secondary,19690.0,47.5,,3,2,1.0,5,4.0,2
R0767,29,Male,West,Primary,18840.0,-99.0,37.1,3,3,3.0,5,2.0,3
R0768,33,Male,Center,Bachelor,,41.8,36.7,4,4,3.0,4,1.0,3
R0769,47,Male,South,Secondary,16010.0,44.1,39.5,2,3,3.0,1,1.0,2
R0770,53,Male,North,Primary,,41.6,40.9,4,2,,4,4.0,4
R0771,34,Female,South,Bachelor,,41.2,37.8,4,4,3.0,4,4.0,4
R0772,50,Female,South,Bachelor,,35.3,27.8,3,4,4.0,4,3.0,1
R0773,39,Male,Center,Primary,12840.0,39.8,35.1,4,5,5.0,4,2.0,3
R0774,49,Female,South,Secondary,19380.0,35.0,32.9,4,4,5.0,5,5.0,4
R0775,30,Female,South,Master,,54.4,42.5,3,3,3.0,3,2.0,2
R0776,44,Female,North,PhD,22350.0,41.8,37.2,3,3,3.0,1,2.0,3
R0777,38,Female,North,Secondary,23540.0,39.3,33.2,4,5,4.0,4,4.0,4
R0778,42,Prefer not to say,West,Secondary,13620.0,41.8,34.3,5,5,5.0,4,4.0,5
R0779,73,Female,North,Secondary,25640.0,25.7,22.0,4,3,5.0,3,3.0,3
R0780,44,Female,South,Secondary,15530.0,36.9,26.3,4,4,4.0,5,4.0,4
R0781,58,Female,North,Secondary,22460.0,47.1,35.0,5,5,5.0,5,4.0,5
R0782,54,Male,West,Master,,54.0,,5,5,,4,5.0,5
R0783,20,Female,North,Bachelor,15010.0,46.2,56.7,2,1,1.0,1,3.0,2
R0784,46,Female,South,Master,26860.0,47.2,40.3,4,5,2.0,3,4.0,4
R0785,54,Female,West,Secondary,13740.0,41.4,,3,1,2.0,4,2.0,2
R0786,20,Female,South,PhD,17370.0,44.3,,3,2,5.0,3,3.0,2
R0787,30,Male,East,Bachelor,,53.7,48.8,3,1,3.0,3,3.0,4
R0788,75,Male,South,Primary,25580.0,48.7,37.0,3,2,4.0,3,5.0,3
R0789,42,Female,Center,Secondary,18280.0,35.4,32.9,4,5,5.0,3,5.0,4
R0790,35,Male,West,Secondary,17850.0,41.3,31.1,4,3,4.0,5,4.0,4
R0791,41,Male,East,Secondary,15710.0,48.2,35.5,3,3,3.0,3,2.0,3
R0792,29,Female,West,Secondary,19830.0,43.5,32.4,3,3,2.0,3,4.0,2
R0793,42,Male,South,Primary,16890.0,41.8,36.1,5,4,4.0,4,5.0,5
R0794,43,Male,North,Primary,11740.0,45.4,,4,3,5.0,4,4.0,3
R0795,37,Prefer not to say,West,Bachelor,19410.0,46.4,38.1,4,5,5.0,4,4.0,2
R0796,59,Prefer not to say,North,Secondary,21640.0,35.6,20.2,5,3,4.0,3,5.0,5
R0797,63,Female,North,Secondary,,45.7,32.8,3,3,3.0,3,4.0,2
R0798,54,Male,East,Bachelor,15140.0,-99.0,34.1,4,4,4.0,5,,5
R0799,30,Male,Center,Primary,,41.3,37.2,5,5,5.0,5,4.0,5
R0800,34,Prefer not to say,Center,Master,22800.0,44.9,38.0,3,1,,3,3.0,4
